{
  "accuracy": 0.8181818181818182,
  "precision_macro": 0.875,
  "recall_macro": 0.875,
  "f1_macro": 0.8333333333333333,
  "classification_report": {
    "apple": {
      "precision": 0.5,
      "recall": 1.0,
      "f1-score": 0.6666666666666666,
      "support": 2.0
    },
    "banana": {
      "precision": 1.0,
      "recall": 1.0,
      "f1-score": 1.0,
      "support": 4.0
    },
    "orange": {
      "precision": 1.0,
      "recall": 1.0,
      "f1-score": 1.0,
      "support": 1.0
    },
    "mixed": {
      "precision": 1.0,
      "recall": 0.5,
      "f1-score": 0.6666666666666666,
      "support": 4.0
    },
    "accuracy": 0.8181818181818182,
    "macro avg": {
      "precision": 0.875,
      "recall": 0.875,
      "f1-score": 0.8333333333333333,
      "support": 11.0
    },
    "weighted avg": {
      "precision": 0.9090909090909091,
      "recall": 0.8181818181818182,
      "f1-score": 0.8181818181818182,
      "support": 11.0
    }
  }
}